evilgaoshu,23487963576,https://api.github.com/users/evilgaoshu
gurram47,23487963624,https://api.github.com/users/gurram47
afbeltranr,23487963529,https://api.github.com/users/afbeltranr
karla-vm,23487963558,https://api.github.com/users/karla-vm
hsluoyz,23487963581,https://api.github.com/users/hsluoyz
mnw1020,23487963532,https://api.github.com/users/mnw1020
ikjo93,23487963524,https://api.github.com/users/ikjo93
Gabe616,23487963526,https://api.github.com/users/Gabe616
BadProfessor,23487963492,https://api.github.com/users/BadProfessor
allanrg4,23487963504,https://api.github.com/users/allanrg4
QGarchery,23487963536,https://api.github.com/users/QGarchery
Diyouf,23487963495,https://api.github.com/users/Diyouf
tiltingpenguin,23487963522,https://api.github.com/users/tiltingpenguin
igrek-ovs,23487963444,https://api.github.com/users/igrek-ovs
cchanmi,23487963462,https://api.github.com/users/cchanmi
mvashishtha,23487963480,https://api.github.com/users/mvashishtha
na4zagin3,23487963457,https://api.github.com/users/na4zagin3
xsidc,23487963413,https://api.github.com/users/xsidc
kkukelka,23487963429,https://api.github.com/users/kkukelka
Sidalvik,23487963448,https://api.github.com/users/Sidalvik
qJkee,23487963440,https://api.github.com/users/qJkee
mvashishtha,23487963411,https://api.github.com/users/mvashishtha
mergify[bot],23487963456,https://api.github.com/users/mergify[bot]
exqlnet,23487963426,https://api.github.com/users/exqlnet
lindseyburnett,23487963471,https://api.github.com/users/lindseyburnett
wwwuuid2com28,23487963425,https://api.github.com/users/wwwuuid2com28
signcla-test-unsigned,23487963368,https://api.github.com/users/signcla-test-unsigned
LombiqBot,23487963384,https://api.github.com/users/LombiqBot
HARPHUNA,23487963376,https://api.github.com/users/HARPHUNA
khurtwilliams,23487963366,https://api.github.com/users/khurtwilliams
