350org/ak_intl_v3,23487929637,https://api.github.com/repos/350org/ak_intl_v3
yousabu/ansible_rhce,23487929676,https://api.github.com/repos/yousabu/ansible_rhce
morpho-dao/morpho-utils,23487929674,https://api.github.com/repos/morpho-dao/morpho-utils
BR-Junior/crud-com-vue-e-quasar,23487929661,https://api.github.com/repos/BR-Junior/crud-com-vue-e-quasar
predictcrypto/pins,23487929682,https://api.github.com/repos/predictcrypto/pins
kazukimikami/reservation,23487929673,https://api.github.com/repos/kazukimikami/reservation
dendronhq/dendron,23487929588,https://api.github.com/repos/dendronhq/dendron
tiller1010/silverstripe-spam-module,23487929636,https://api.github.com/repos/tiller1010/silverstripe-spam-module
sozysozbot/mikanos,23487929580,https://api.github.com/repos/sozysozbot/mikanos
moiify/AutoGreen,23487929591,https://api.github.com/repos/moiify/AutoGreen
Callithrix-omics/Callithrix-omics.github.io,23487929533,https://api.github.com/repos/Callithrix-omics/Callithrix-omics.github.io
datho7561/quarkus-ls,23487929573,https://api.github.com/repos/datho7561/quarkus-ls
Sooktoring/Sooktoring-Android,23487929349,https://api.github.com/repos/Sooktoring/Sooktoring-Android
edwardzuniga/holbertonschool-higher_level_programming,23487929578,https://api.github.com/repos/edwardzuniga/holbertonschool-higher_level_programming
livepeer/explorer,23487929597,https://api.github.com/repos/livepeer/explorer
tiller1010/silverstripe-spam-module,23487929522,https://api.github.com/repos/tiller1010/silverstripe-spam-module
Mahalderk/CV,23487929560,https://api.github.com/repos/Mahalderk/CV
markbush/Smalltalk-80-CompilerLib,23487929536,https://api.github.com/repos/markbush/Smalltalk-80-CompilerLib
product-os/jellyfish-worker,23487929501,https://api.github.com/repos/product-os/jellyfish-worker
chengzhong001/cpp-examples,23487929523,https://api.github.com/repos/chengzhong001/cpp-examples
kybru91/vscode-languageserver-node,23487929494,https://api.github.com/repos/kybru91/vscode-languageserver-node
fathozt/MyProject,23487929532,https://api.github.com/repos/fathozt/MyProject
ibrahimalangri/KUn,23487929508,https://api.github.com/repos/ibrahimalangri/KUn
web-application-app/gigosRate,23487929447,https://api.github.com/repos/web-application-app/gigosRate
DmytroKova/TUTORIAL,23487929496,https://api.github.com/repos/DmytroKova/TUTORIAL
brianway/algorithms-learning,23487929420,https://api.github.com/repos/brianway/algorithms-learning
wizche/lema-observatory,23487929439,https://api.github.com/repos/wizche/lema-observatory
adamsorbie/Stroke_Microbiota_reproducibility,23487929452,https://api.github.com/repos/adamsorbie/Stroke_Microbiota_reproducibility
justbecoder/react-router-middleware-plus,23487929428,https://api.github.com/repos/justbecoder/react-router-middleware-plus
stolostron/search-e2e-test,23487929425,https://api.github.com/repos/stolostron/search-e2e-test
